casa_0_32,casa_1_32,casa_2_32,casa_3_32,casa_4_32,casa_5_32,casa_6_32,casa_7_32,casa_8_32,classe_32,origem_32
o,o,x,x,o,x,x,o,b,o_venceu,raw_uci
o,o,o,x,x,o,b,x,x,o_venceu,raw_uci
x,b,b,o,x,b,b,b,b,tem_jogo,sintetico
o,x,x,x,x,b,o,o,o,o_venceu,raw_uci
b,b,b,x,b,b,b,b,b,tem_jogo,sintetico
x,x,x,o,x,b,b,o,o,x_venceu,raw_uci
o,b,o,x,b,x,x,o,x,tem_jogo,sintetico
b,x,o,x,o,b,o,b,x,o_venceu,raw_uci
o,o,o,b,x,x,b,x,b,o_venceu,raw_uci
b,o,x,x,o,b,x,o,b,o_venceu,raw_uci
x,x,x,o,x,o,b,b,o,x_venceu,raw_uci
x,x,x,b,x,o,o,b,o,x_venceu,raw_uci
o,o,x,x,x,o,b,b,b,tem_jogo,sintetico
b,b,b,b,b,b,b,b,x,tem_jogo,sintetico
b,x,b,o,o,x,b,x,o,tem_jogo,sintetico
o,x,o,x,x,b,b,x,o,x_venceu,raw_uci
x,b,b,x,b,o,b,b,b,tem_jogo,sintetico
b,b,b,x,b,x,b,o,o,tem_jogo,sintetico
o,b,x,b,x,b,x,b,o,x_venceu,raw_uci
o,o,o,x,x,o,x,b,x,o_venceu,raw_uci
x,o,b,x,o,x,o,o,x,o_venceu,raw_uci
x,b,x,o,x,b,o,o,x,x_venceu,raw_uci
x,x,b,b,b,b,b,o,b,tem_jogo,sintetico
x,x,o,b,x,o,b,b,o,o_venceu,raw_uci
o,x,x,x,x,o,o,x,o,x_venceu,raw_uci
b,o,x,o,b,o,x,x,x,x_venceu,raw_uci
x,o,x,x,x,o,x,o,o,x_venceu,raw_uci
b,o,x,x,o,x,x,o,o,o_venceu,raw_uci
b,o,x,x,o,o,x,o,x,o_venceu,raw_uci
x,x,b,o,x,x,o,o,o,o_venceu,raw_uci
o,x,o,x,o,b,x,x,o,o_venceu,raw_uci
b,b,b,x,b,b,o,b,b,tem_jogo,sintetico
b,x,x,o,o,x,o,b,x,x_venceu,raw_uci
b,b,x,b,b,o,x,b,o,tem_jogo,sintetico
b,b,x,o,x,b,x,o,b,x_venceu,raw_uci
o,x,o,x,o,x,x,b,o,o_venceu,raw_uci
x,o,o,x,o,b,o,x,x,o_venceu,raw_uci
b,o,o,o,b,x,x,b,x,tem_jogo,sintetico
b,o,b,o,x,x,b,o,x,tem_jogo,sintetico
o,o,x,b,o,x,x,x,o,o_venceu,raw_uci
x,o,o,x,o,x,o,b,x,o_venceu,raw_uci
x,b,b,x,o,b,x,o,b,x_venceu,raw_uci
b,x,x,o,b,o,x,o,x,tem_jogo,sintetico
o,x,x,b,x,o,x,b,o,x_venceu,raw_uci
b,o,x,o,b,b,b,b,x,tem_jogo,sintetico
b,b,b,o,b,b,x,x,b,tem_jogo,sintetico
b,b,x,o,b,b,b,b,b,tem_jogo,sintetico
b,b,x,b,b,b,o,b,b,tem_jogo,sintetico
b,x,x,o,o,o,o,x,x,o_venceu,raw_uci
o,o,o,x,b,x,b,x,b,o_venceu,raw_uci
o,x,b,b,b,o,x,b,x,tem_jogo,sintetico
b,x,x,b,x,o,o,x,o,x_venceu,raw_uci
x,o,b,b,b,x,b,o,b,tem_jogo,sintetico
o,x,x,o,b,b,x,b,b,tem_jogo,sintetico
b,o,b,b,b,b,x,x,b,tem_jogo,sintetico
x,b,o,o,o,x,o,x,x,o_venceu,raw_uci
x,x,x,b,o,o,x,b,o,x_venceu,raw_uci
x,b,x,o,o,o,b,x,b,o_venceu,raw_uci
x,b,x,x,b,o,x,o,o,x_venceu,raw_uci
b,o,o,x,o,x,o,x,x,o_venceu,raw_uci
b,x,b,b,x,b,o,b,o,tem_jogo,sintetico
x,x,o,o,o,o,b,x,x,o_venceu,raw_uci
b,b,b,b,o,b,x,o,x,tem_jogo,sintetico
x,o,x,o,x,x,o,x,o,empate,raw_uci+simetria
o,x,x,o,o,x,b,x,o,o_venceu,raw_uci
x,x,x,x,b,o,o,o,b,x_venceu,raw_uci
x,o,b,o,x,x,o,b,x,x_venceu,raw_uci
b,b,b,b,o,o,x,x,x,x_venceu,raw_uci
x,x,b,x,b,b,o,o,o,o_venceu,raw_uci
b,o,b,x,x,x,o,o,x,x_venceu,raw_uci
x,x,o,x,b,o,x,o,b,x_venceu,raw_uci
o,x,b,x,x,b,b,b,o,tem_jogo,sintetico
b,x,o,b,o,x,o,b,x,o_venceu,raw_uci
b,x,x,o,o,x,b,o,x,x_venceu,raw_uci
x,x,b,o,o,o,b,x,b,o_venceu,raw_uci
b,x,b,o,o,o,b,x,x,o_venceu,raw_uci
x,o,o,b,o,x,o,x,x,o_venceu,raw_uci
x,x,x,o,b,b,o,b,b,x_venceu,raw_uci
x,x,x,x,o,o,o,x,o,x_venceu,raw_uci
o,o,b,o,x,x,o,x,x,o_venceu,raw_uci
b,b,x,b,b,b,b,b,o,tem_jogo,sintetico
b,o,x,b,b,o,b,x,x,tem_jogo,sintetico
x,x,o,o,x,b,b,x,o,x_venceu,raw_uci
x,o,x,x,x,o,o,x,o,empate,raw_uci+simetria
x,o,b,b,o,b,x,o,x,o_venceu,raw_uci
o,x,o,o,x,x,b,x,b,x_venceu,raw_uci
x,o,o,b,o,x,x,o,x,o_venceu,raw_uci
x,x,b,b,b,o,b,b,b,tem_jogo,sintetico
b,b,o,x,b,o,x,x,o,o_venceu,raw_uci
x,o,x,x,b,x,o,o,o,o_venceu,raw_uci
x,b,x,b,b,b,o,o,b,tem_jogo,sintetico
b,o,x,x,x,b,o,o,x,tem_jogo,sintetico
x,o,o,o,x,o,x,x,x,x_venceu,raw_uci
x,o,o,x,b,x,x,o,b,x_venceu,raw_uci
o,b,x,o,x,b,b,x,b,tem_jogo,sintetico
x,x,x,b,b,o,o,o,x,x_venceu,raw_uci
b,o,b,b,o,x,x,o,x,o_venceu,raw_uci
o,b,b,b,b,x,b,b,b,tem_jogo,sintetico
x,x,x,x,o,o,x,o,o,x_venceu,raw_uci
o,x,b,x,x,b,o,b,b,tem_jogo,sintetico
o,x,x,x,o,x,b,o,o,o_venceu,raw_uci
o,b,b,x,o,x,b,b,x,tem_jogo,sintetico
x,o,x,o,b,b,x,x,o,tem_jogo,sintetico
o,x,b,b,b,x,b,o,b,tem_jogo,sintetico
o,o,x,x,o,b,b,x,x,tem_jogo,sintetico
b,b,x,b,b,b,o,b,x,tem_jogo,sintetico
b,b,o,x,b,x,o,b,b,tem_jogo,sintetico
o,o,x,x,o,x,x,b,o,o_venceu,raw_uci
o,b,b,b,x,b,b,b,b,tem_jogo,sintetico
b,b,x,b,o,x,o,b,x,x_venceu,raw_uci
x,o,x,x,b,b,o,x,o,tem_jogo,sintetico
x,b,x,b,o,x,o,o,x,x_venceu,raw_uci
o,o,o,b,x,b,x,x,b,o_venceu,raw_uci
b,x,x,o,o,o,b,x,b,o_venceu,raw_uci
b,b,b,b,b,x,o,b,b,tem_jogo,sintetico
b,o,o,x,o,b,x,x,x,x_venceu,raw_uci
o,o,o,b,b,x,b,x,x,o_venceu,raw_uci
b,x,x,b,o,o,x,o,x,tem_jogo,sintetico
b,x,o,x,x,x,o,b,o,x_venceu,raw_uci
o,x,o,o,x,x,o,b,x,o_venceu,raw_uci
x,o,o,b,x,x,o,b,x,x_venceu,raw_uci
x,x,b,x,o,x,o,o,o,o_venceu,raw_uci
x,o,x,x,x,b,o,o,o,o_venceu,raw_uci
b,x,b,x,o,b,b,b,b,tem_jogo,sintetico
b,o,o,x,x,x,b,b,b,x_venceu,raw_uci
o,x,o,o,x,b,x,x,b,x_venceu,raw_uci
x,x,b,o,x,b,o,o,x,x_venceu,raw_uci
b,b,b,x,b,b,b,b,o,tem_jogo,sintetico
o,x,o,x,x,o,x,o,x,empate,raw_uci+simetria
b,b,o,x,x,b,b,b,o,tem_jogo,sintetico
x,b,b,b,o,o,b,x,x,tem_jogo,sintetico
x,o,b,x,b,o,x,b,b,x_venceu,raw_uci
x,o,x,o,x,b,b,o,x,x_venceu,raw_uci
o,x,x,b,x,o,x,o,b,x_venceu,raw_uci
o,b,x,x,o,b,x,b,o,o_venceu,raw_uci
x,o,b,b,b,o,b,b,x,tem_jogo,sintetico
o,b,x,b,b,x,x,o,o,tem_jogo,sintetico
b,x,b,b,b,b,b,b,b,tem_jogo,sintetico
b,x,b,b,x,b,o,x,o,x_venceu,raw_uci
b,o,b,o,x,x,o,x,b,tem_jogo,sintetico
o,o,b,o,x,b,b,x,x,tem_jogo,sintetico
b,b,b,x,b,o,b,x,b,tem_jogo,sintetico
b,o,b,x,x,b,o,o,x,tem_jogo,sintetico
x,b,b,b,x,o,b,x,o,tem_jogo,sintetico
b,b,o,x,x,x,o,o,x,x_venceu,raw_uci
x,x,o,o,o,x,x,o,x,empate,raw_uci+simetria
x,b,o,o,b,b,x,b,x,tem_jogo,sintetico
o,b,x,o,x,b,x,x,o,x_venceu,raw_uci
b,o,b,b,x,x,o,x,o,tem_jogo,sintetico
x,b,o,x,o,x,o,x,o,o_venceu,raw_uci
o,x,x,o,x,o,x,b,b,x_venceu,raw_uci
x,b,o,x,x,o,o,x,o,o_venceu,raw_uci
x,x,o,x,x,b,o,o,o,o_venceu,raw_uci
o,x,x,b,x,x,o,o,o,o_venceu,raw_uci
b,x,o,b,x,o,b,o,x,tem_jogo,sintetico
o,b,x,b,b,x,o,b,x,x_venceu,raw_uci
b,b,b,x,o,b,x,b,b,tem_jogo,sintetico
x,o,b,b,o,x,x,o,b,o_venceu,raw_uci
b,b,b,o,x,b,b,x,b,tem_jogo,sintetico
o,b,x,x,o,b,x,o,b,tem_jogo,sintetico
b,x,o,x,b,o,x,b,o,o_venceu,raw_uci
o,b,b,x,b,b,b,b,b,tem_jogo,sintetico
o,x,o,o,x,x,x,o,x,empate,raw_uci+simetria
b,x,o,b,o,b,b,b,x,tem_jogo,sintetico
x,x,x,b,o,b,x,o,o,x_venceu,raw_uci
x,o,x,o,x,o,o,x,x,x_venceu,raw_uci
x,b,b,b,b,o,x,b,b,tem_jogo,sintetico
o,o,b,x,x,x,o,x,b,x_venceu,raw_uci
o,b,x,x,o,x,o,b,b,tem_jogo,sintetico
x,x,o,o,x,b,o,b,x,x_venceu,raw_uci
b,b,b,b,b,b,x,b,b,tem_jogo,sintetico
o,x,x,x,o,o,o,x,x,empate,raw_uci+simetria
b,o,x,o,b,x,x,o,x,x_venceu,raw_uci
b,o,x,o,x,x,o,b,x,x_venceu,raw_uci
b,x,b,x,x,o,o,x,o,x_venceu,raw_uci
o,x,x,b,x,o,o,x,b,x_venceu,raw_uci
o,b,b,x,o,b,x,x,o,o_venceu,raw_uci
x,o,x,o,b,x,b,o,x,x_venceu,raw_uci
b,x,x,x,b,b,o,o,o,o_venceu,raw_uci
o,x,x,x,o,o,b,x,o,o_venceu,raw_uci
b,b,b,x,o,b,b,b,x,tem_jogo,sintetico
o,o,o,x,b,x,x,x,o,o_venceu,raw_uci
o,x,b,o,b,x,o,x,b,o_venceu,raw_uci
b,b,x,x,b,x,o,o,o,o_venceu,raw_uci
o,b,b,o,x,b,o,x,x,o_venceu,raw_uci
b,o,b,x,o,x,x,o,b,o_venceu,raw_uci
o,o,x,x,b,x,o,b,x,x_venceu,raw_uci
o,x,x,o,b,b,o,b,x,o_venceu,raw_uci
x,o,o,x,o,x,o,x,b,o_venceu,raw_uci
o,b,o,o,x,x,o,x,x,o_venceu,raw_uci
b,b,b,x,o,o,o,x,x,tem_jogo,sintetico
o,o,o,x,o,x,b,x,x,o_venceu,raw_uci
o,o,o,b,x,x,x,o,x,o_venceu,raw_uci
b,x,x,x,x,o,o,o,o,o_venceu,raw_uci
o,x,x,o,o,b,o,x,x,o_venceu,raw_uci
b,x,x,o,x,x,o,o,o,o_venceu,raw_uci
x,x,x,o,b,x,o,b,o,x_venceu,raw_uci
b,o,x,b,b,b,o,b,x,tem_jogo,sintetico
o,x,b,b,b,b,x,b,o,tem_jogo,sintetico
o,x,x,b,o,o,x,x,o,o_venceu,raw_uci
x,b,b,b,b,o,b,b,b,tem_jogo,sintetico
x,b,x,o,b,o,o,b,x,tem_jogo,sintetico
o,x,x,x,o,b,b,b,o,o_venceu,raw_uci
x,x,o,o,x,x,x,o,o,empate,raw_uci+simetria
x,o,o,x,x,b,o,b,x,x_venceu,raw_uci
o,b,b,b,b,o,x,x,x,x_venceu,raw_uci
x,b,o,b,o,b,o,x,x,o_venceu,raw_uci
b,o,x,o,x,x,b,o,x,x_venceu,raw_uci
x,o,x,o,o,x,x,o,b,o_venceu,raw_uci
b,o,x,o,x,x,x,o,b,x_venceu,raw_uci
x,x,o,x,o,o,b,x,o,o_venceu,raw_uci
o,x,x,x,o,o,x,o,x,empate,raw_uci+simetria
x,o,b,o,b,b,o,x,x,tem_jogo,sintetico
x,x,o,o,o,x,o,x,b,o_venceu,raw_uci
o,x,o,x,o,x,o,b,x,o_venceu,raw_uci
x,o,o,o,x,x,o,x,x,x_venceu,raw_uci
b,o,b,b,x,b,b,b,x,tem_jogo,sintetico
o,x,o,o,b,b,x,x,x,x_venceu,raw_uci
o,x,o,x,o,b,o,x,x,o_venceu,raw_uci
o,x,b,b,b,b,b,b,x,tem_jogo,sintetico
o,x,b,x,x,x,o,o,b,x_venceu,raw_uci
b,o,b,b,b,x,x,o,b,tem_jogo,sintetico
x,o,x,x,x,o,o,o,x,x_venceu,raw_uci
x,x,x,o,x,o,o,x,o,x_venceu,raw_uci
o,b,o,x,x,x,b,b,b,x_venceu,raw_uci
x,x,b,o,o,o,b,b,x,o_venceu,raw_uci
b,b,o,o,x,o,x,x,x,x_venceu,raw_uci
b,b,o,b,b,b,b,x,b,tem_jogo,sintetico
b,x,o,b,o,b,o,x,x,o_venceu,raw_uci
o,b,x,b,x,o,x,b,b,x_venceu,raw_uci
o,b,x,o,b,o,x,x,x,x_venceu,raw_uci
o,o,x,o,b,x,x,b,b,tem_jogo,sintetico
o,x,b,o,x,b,x,x,o,x_venceu,raw_uci
b,o,o,x,x,x,o,x,b,x_venceu,raw_uci
b,b,x,o,b,o,x,b,b,tem_jogo,sintetico
x,x,b,x,o,o,x,b,o,x_venceu,raw_uci
b,b,x,o,b,b,b,x,b,tem_jogo,sintetico
b,b,o,b,x,b,b,x,o,tem_jogo,sintetico
x,b,x,b,b,x,o,o,b,tem_jogo,sintetico
o,o,o,o,x,x,x,x,b,o_venceu,raw_uci
x,x,x,x,o,b,o,o,b,x_venceu,raw_uci
o,x,b,b,o,x,b,x,o,o_venceu,raw_uci
b,x,b,x,x,b,o,o,o,o_venceu,raw_uci
x,b,o,x,o,o,o,x,x,o_venceu,raw_uci
x,o,x,b,o,x,x,o,o,o_venceu,raw_uci
b,x,o,o,x,o,b,x,x,x_venceu,raw_uci
x,x,o,x,b,x,o,o,o,o_venceu,raw_uci
x,o,x,x,o,x,o,o,b,o_venceu,raw_uci
x,o,b,b,x,b,b,b,o,tem_jogo,sintetico
o,b,o,x,o,x,x,x,o,o_venceu,raw_uci
o,x,x,x,x,o,x,o,o,x_venceu,raw_uci
b,o,x,b,x,b,x,o,b,x_venceu,raw_uci
b,o,o,b,b,b,b,x,x,tem_jogo,sintetico
b,o,b,x,x,x,x,o,o,x_venceu,raw_uci
x,x,x,x,o,o,o,o,x,x_venceu,raw_uci
b,b,x,b,o,o,x,o,x,tem_jogo,sintetico
x,o,o,x,b,b,b,x,o,tem_jogo,sintetico
x,o,o,o,x,x,x,o,x,x_venceu,raw_uci
x,x,o,x,o,x,o,o,b,o_venceu,raw_uci
x,b,o,o,x,b,b,x,b,tem_jogo,sintetico
x,b,x,b,o,b,o,b,b,tem_jogo,sintetico
x,x,x,o,b,o,o,x,b,x_venceu,raw_uci
o,x,b,x,o,x,x,o,o,o_venceu,raw_uci
o,x,o,x,x,o,x,b,o,o_venceu,raw_uci
o,o,b,x,x,o,b,x,x,tem_jogo,sintetico
b,o,x,o,o,b,x,x,x,x_venceu,raw_uci
o,o,x,x,x,o,o,x,x,empate,raw_uci+simetria
x,b,o,x,o,o,x,x,b,x_venceu,raw_uci
b,x,o,x,x,o,x,o,o,o_venceu,raw_uci
o,o,o,x,x,b,x,o,x,o_venceu,raw_uci
b,o,o,x,b,o,x,b,x,tem_jogo,sintetico
x,b,x,b,x,o,o,o,x,x_venceu,raw_uci
b,x,o,b,x,o,x,b,o,o_venceu,raw_uci
b,b,o,x,o,b,o,x,x,o_venceu,raw_uci
o,b,x,x,o,o,x,x,o,o_venceu,raw_uci
b,o,b,x,x,x,b,b,o,x_venceu,raw_uci
o,b,x,b,x,x,o,o,x,x_venceu,raw_uci
x,o,b,b,o,x,b,o,x,o_venceu,raw_uci
b,x,b,b,b,b,o,b,b,tem_jogo,sintetico
b,b,b,b,b,x,b,o,x,tem_jogo,sintetico
b,x,b,o,x,o,b,x,b,x_venceu,raw_uci
o,o,b,b,o,x,x,x,x,x_venceu,raw_uci
b,x,o,b,x,o,o,x,x,x_venceu,raw_uci
x,o,x,o,x,o,x,x,o,x_venceu,raw_uci
x,b,o,b,o,x,o,b,x,o_venceu,raw_uci
x,x,x,b,o,o,o,x,b,x_venceu,raw_uci
b,x,x,x,o,b,o,x,o,tem_jogo,sintetico
b,o,x,x,o,x,b,o,b,o_venceu,raw_uci
x,b,o,b,x,o,b,b,x,x_venceu,raw_uci
x,b,b,b,o,x,x,o,b,tem_jogo,sintetico
x,b,b,o,b,x,b,b,b,tem_jogo,sintetico
x,o,x,o,o,o,b,x,x,o_venceu,raw_uci
b,x,b,o,b,x,b,b,b,tem_jogo,sintetico
x,x,x,o,o,b,o,x,b,x_venceu,raw_uci
o,x,x,o,b,x,o,b,b,o_venceu,raw_uci
o,o,o,x,b,x,x,o,x,o_venceu,raw_uci
x,o,x,b,x,x,o,o,o,o_venceu,raw_uci
o,x,b,b,x,b,o,b,b,tem_jogo,sintetico
b,o,x,o,x,b,o,x,x,tem_jogo,sintetico
x,x,x,o,b,o,b,b,b,x_venceu,raw_uci
o,x,x,o,x,b,o,o,x,o_venceu,raw_uci
x,b,o,o,o,b,x,x,x,x_venceu,raw_uci
b,o,b,x,b,b,o,b,x,tem_jogo,sintetico
x,x,o,b,o,b,o,b,x,o_venceu,raw_uci
b,o,x,o,b,x,b,b,b,tem_jogo,sintetico
b,x,b,x,b,o,b,b,b,tem_jogo,sintetico
x,x,x,o,b,x,b,o,o,x_venceu,raw_uci
b,o,b,x,b,b,b,b,x,tem_jogo,sintetico
b,b,b,b,b,b,b,x,b,tem_jogo,sintetico
o,b,x,x,o,x,b,b,o,o_venceu,raw_uci
b,o,x,o,b,x,o,x,x,x_venceu,raw_uci
x,o,b,x,x,o,b,o,x,x_venceu,raw_uci
x,x,o,o,o,x,x,x,o,empate,raw_uci+simetria
o,b,x,o,o,b,x,x,x,x_venceu,raw_uci
x,x,b,b,o,b,b,o,b,tem_jogo,sintetico
x,x,o,b,o,x,o,b,b,o_venceu,raw_uci
o,o,x,x,o,b,x,o,x,o_venceu,raw_uci
b,o,o,x,x,x,o,b,x,x_venceu,raw_uci
o,b,x,b,o,x,x,b,o,o_venceu,raw_uci
o,x,x,b,o,x,x,o,o,o_venceu,raw_uci
x,b,o,b,o,x,o,x,b,o_venceu,raw_uci
x,o,x,o,o,x,x,b,b,tem_jogo,sintetico
b,o,x,b,o,b,x,o,x,o_venceu,raw_uci
b,b,o,x,o,x,x,b,b,tem_jogo,sintetico
x,b,o,b,b,o,x,x,o,o_venceu,raw_uci
b,x,o,b,b,o,x,x,o,o_venceu,raw_uci
b,b,b,b,b,b,b,b,b,tem_jogo,sintetico
x,b,b,b,x,b,o,o,x,x_venceu,raw_uci
x,b,x,b,x,o,b,o,o,tem_jogo,sintetico
x,x,o,x,o,o,o,x,b,o_venceu,raw_uci
b,b,x,o,b,b,x,b,b,tem_jogo,sintetico
x,o,o,x,o,b,x,b,x,x_venceu,raw_uci
x,x,x,o,o,b,x,b,o,x_venceu,raw_uci
b,o,x,b,b,x,o,b,x,x_venceu,raw_uci
b,b,x,o,o,o,x,x,b,o_venceu,raw_uci
o,b,x,b,o,x,x,o,x,x_venceu,raw_uci
x,b,b,o,b,b,x,b,b,tem_jogo,sintetico
o,x,b,x,o,o,x,x,o,o_venceu,raw_uci
x,x,o,b,b,o,b,x,o,o_venceu,raw_uci
x,x,o,x,o,x,x,o,o,x_venceu,raw_uci
x,x,x,o,b,o,x,b,o,x_venceu,raw_uci
x,b,b,x,b,x,o,o,o,o_venceu,raw_uci
o,o,o,x,b,x,x,b,b,o_venceu,raw_uci
b,b,o,b,x,b,b,b,b,tem_jogo,sintetico
x,o,o,b,o,x,x,x,b,tem_jogo,sintetico
b,x,o,b,x,x,o,b,o,tem_jogo,sintetico
o,x,b,o,o,x,o,x,x,o_venceu,raw_uci
o,b,x,o,x,x,o,b,b,o_venceu,raw_uci
x,o,x,o,o,o,x,b,x,o_venceu,raw_uci
x,x,x,o,b,o,x,o,b,x_venceu,raw_uci
o,o,b,x,x,x,x,o,b,x_venceu,raw_uci
x,x,o,x,o,o,x,o,x,x_venceu,raw_uci
x,b,o,o,x,o,x,x,o,o_venceu,raw_uci
o,b,b,o,x,o,x,x,x,x_venceu,raw_uci
b,b,o,x,x,x,b,b,o,x_venceu,raw_uci
b,b,b,o,b,b,b,x,b,tem_jogo,sintetico
b,b,b,x,x,o,b,o,b,tem_jogo,sintetico
b,b,x,b,b,b,o,x,b,tem_jogo,sintetico
x,x,x,o,o,b,b,b,b,x_venceu,raw_uci
b,b,b,o,b,x,o,x,x,tem_jogo,sintetico
o,b,x,o,b,x,o,x,b,o_venceu,raw_uci
x,b,x,o,o,x,b,o,x,x_venceu,raw_uci
b,b,o,b,b,o,x,x,x,x_venceu,raw_uci
x,o,o,x,x,x,b,o,b,x_venceu,raw_uci
o,b,b,o,x,x,o,b,x,o_venceu,raw_uci
b,b,b,o,o,b,b,x,x,tem_jogo,sintetico
o,x,o,b,o,x,o,x,x,o_venceu,raw_uci
x,b,o,x,o,b,o,b,x,o_venceu,raw_uci
o,x,b,x,o,x,b,b,b,tem_jogo,sintetico
x,b,x,b,x,b,o,o,o,o_venceu,raw_uci
x,b,o,x,b,b,x,o,b,x_venceu,raw_uci
x,o,x,x,o,b,o,o,x,o_venceu,raw_uci
b,x,x,o,o,o,b,b,x,o_venceu,raw_uci
b,b,x,b,b,b,b,b,b,tem_jogo,sintetico
x,x,o,x,o,b,o,b,b,o_venceu,raw_uci
o,x,x,b,b,x,o,o,x,x_venceu,raw_uci
x,b,x,b,b,b,b,o,o,tem_jogo,sintetico
b,b,o,b,b,b,x,b,b,tem_jogo,sintetico
o,x,x,o,o,b,x,x,o,o_venceu,raw_uci
o,o,x,x,b,x,x,o,b,tem_jogo,sintetico
x,x,b,b,x,b,o,o,o,o_venceu,raw_uci
x,b,x,b,b,o,o,b,b,tem_jogo,sintetico
x,b,o,x,o,b,x,b,b,x_venceu,raw_uci
b,x,o,o,x,o,x,x,b,x_venceu,raw_uci
b,b,b,b,b,o,x,b,b,tem_jogo,sintetico
b,b,x,o,o,o,x,b,x,o_venceu,raw_uci
o,x,o,x,x,b,o,x,b,x_venceu,raw_uci
b,b,x,b,o,x,b,o,x,x_venceu,raw_uci
o,x,b,b,x,o,x,x,o,x_venceu,raw_uci
o,x,o,o,b,x,o,x,x,o_venceu,raw_uci
o,x,b,x,x,x,b,o,o,x_venceu,raw_uci
o,x,o,x,o,x,x,o,x,empate,raw_uci+simetria
o,b,b,o,b,b,x,x,x,x_venceu,raw_uci
b,o,x,x,o,b,b,o,x,o_venceu,raw_uci
x,o,x,b,o,b,b,o,x,o_venceu,raw_uci
x,x,o,o,x,b,o,x,b,x_venceu,raw_uci
b,b,b,b,x,b,x,o,o,tem_jogo,sintetico
b,x,o,x,x,b,o,x,o,x_venceu,raw_uci
x,b,b,b,b,b,b,b,b,tem_jogo,sintetico
x,b,o,x,o,b,o,x,b,o_venceu,raw_uci
x,b,x,o,x,o,b,o,x,x_venceu,raw_uci
b,o,x,o,x,x,x,b,o,x_venceu,raw_uci
x,b,x,o,o,o,b,b,x,o_venceu,raw_uci
x,o,x,x,o,o,o,x,x,empate,raw_uci+simetria
x,o,o,x,b,b,x,x,o,x_venceu,raw_uci
o,b,b,o,o,x,x,x,b,tem_jogo,sintetico
x,o,o,b,x,b,b,b,x,x_venceu,raw_uci
o,b,x,o,x,x,b,o,x,x_venceu,raw_uci
b,x,o,o,b,o,x,x,x,x_venceu,raw_uci
x,o,x,x,o,x,b,b,o,tem_jogo,sintetico
b,o,o,x,x,b,o,b,x,tem_jogo,sintetico
b,x,b,b,x,b,b,o,b,tem_jogo,sintetico
o,o,x,x,x,o,x,o,x,x_venceu,raw_uci
b,o,b,o,b,x,x,b,x,tem_jogo,sintetico
x,o,o,x,x,b,x,b,o,x_venceu,raw_uci
b,b,b,b,o,x,x,b,b,tem_jogo,sintetico
x,x,b,b,x,o,o,o,x,x_venceu,raw_uci
x,x,b,b,b,x,o,o,o,o_venceu,raw_uci
x,x,b,x,o,o,b,x,o,tem_jogo,sintetico
x,o,x,x,o,x,o,b,b,tem_jogo,sintetico
x,o,x,o,o,x,x,x,o,empate,raw_uci+simetria
b,b,b,o,b,x,b,x,b,tem_jogo,sintetico
o,o,o,x,o,x,x,x,b,o_venceu,raw_uci
b,x,b,x,b,x,o,o,o,o_venceu,raw_uci
o,o,b,b,x,o,x,x,b,tem_jogo,sintetico
o,b,b,b,b,o,x,x,b,tem_jogo,sintetico
b,x,o,x,o,o,o,x,x,o_venceu,raw_uci
x,x,o,o,o,o,x,b,x,o_venceu,raw_uci
b,o,x,x,b,x,o,o,x,x_venceu,raw_uci
o,x,b,x,o,b,x,b,b,tem_jogo,sintetico
o,x,x,o,b,b,o,x,b,o_venceu,raw_uci
x,o,b,x,o,x,b,o,b,o_venceu,raw_uci
x,x,o,b,o,o,o,x,x,o_venceu,raw_uci
o,b,x,o,x,x,o,x,o,o_venceu,raw_uci
o,x,o,b,x,x,b,x,o,x_venceu,raw_uci
b,x,b,o,x,b,o,x,b,x_venceu,raw_uci
b,b,b,o,x,b,x,b,o,tem_jogo,sintetico
o,x,b,x,b,o,x,b,o,tem_jogo,sintetico
o,o,o,x,b,x,b,b,x,o_venceu,raw_uci
x,o,b,x,b,b,x,b,o,x_venceu,raw_uci
x,b,o,x,o,x,x,o,b,x_venceu,raw_uci
x,x,b,x,o,o,x,o,b,x_venceu,raw_uci
x,o,o,x,x,x,b,b,o,x_venceu,raw_uci
x,x,o,x,b,b,x,o,o,x_venceu,raw_uci
b,b,x,x,o,x,b,o,b,tem_jogo,sintetico
x,o,x,o,x,b,x,b,o,x_venceu,raw_uci
o,x,o,x,x,x,b,b,o,x_venceu,raw_uci
x,x,o,x,o,b,x,b,o,x_venceu,raw_uci
x,o,b,b,b,x,o,x,o,tem_jogo,sintetico
o,x,b,b,o,b,x,x,o,o_venceu,raw_uci
o,o,x,b,x,b,x,o,x,x_venceu,raw_uci
o,o,x,b,x,b,b,x,b,tem_jogo,sintetico
o,x,x,b,b,b,b,b,b,tem_jogo,sintetico
x,x,x,b,x,o,o,o,b,x_venceu,raw_uci
o,b,b,x,b,b,b,x,b,tem_jogo,sintetico
b,b,o,x,b,b,b,o,x,tem_jogo,sintetico
x,o,o,x,b,x,x,b,o,x_venceu,raw_uci
o,o,o,x,b,x,o,x,x,o_venceu,raw_uci
x,o,b,x,x,x,o,o,b,x_venceu,raw_uci
x,x,x,o,b,o,b,o,x,x_venceu,raw_uci
x,b,x,o,o,o,x,b,b,o_venceu,raw_uci
o,x,x,x,o,x,o,o,x,x_venceu,raw_uci
x,b,b,o,b,b,b,x,b,tem_jogo,sintetico
x,o,o,o,x,x,x,x,o,empate,raw_uci+simetria
o,x,x,o,x,o,x,x,o,x_venceu,raw_uci
x,o,x,x,o,b,x,b,o,x_venceu,raw_uci
x,x,b,o,o,o,x,x,o,o_venceu,raw_uci
b,x,o,x,x,o,b,b,o,o_venceu,raw_uci
b,o,b,x,o,o,x,x,x,x_venceu,raw_uci
b,b,b,b,x,b,b,b,b,tem_jogo,sintetico
o,x,o,b,x,o,x,x,b,x_venceu,raw_uci
b,b,b,x,b,b,o,o,x,tem_jogo,sintetico
b,o,x,b,o,x,x,b,b,tem_jogo,sintetico
x,x,b,o,o,o,o,x,x,o_venceu,raw_uci
x,b,x,o,x,b,x,o,o,x_venceu,raw_uci
x,o,b,b,b,b,b,x,b,tem_jogo,sintetico
x,b,b,o,x,x,b,o,o,tem_jogo,sintetico
b,b,o,b,x,o,x,x,o,o_venceu,raw_uci
b,o,b,x,b,b,x,b,b,tem_jogo,sintetico
o,x,o,b,b,b,x,b,x,tem_jogo,sintetico
x,b,b,o,b,b,b,b,x,tem_jogo,sintetico
o,o,x,x,x,x,b,o,b,x_venceu,raw_uci
x,o,x,b,x,b,o,o,x,x_venceu,raw_uci
x,x,x,o,b,b,b,b,o,x_venceu,raw_uci
x,x,o,x,o,x,o,b,o,o_venceu,raw_uci
o,x,x,b,o,b,b,x,o,o_venceu,raw_uci
b,x,b,x,o,b,x,b,o,tem_jogo,sintetico
x,x,o,b,x,o,o,b,x,x_venceu,raw_uci
b,b,o,x,o,x,o,x,b,o_venceu,raw_uci
b,x,x,b,o,o,b,b,b,tem_jogo,sintetico
b,x,b,o,x,b,b,x,o,x_venceu,raw_uci
b,o,b,x,b,b,b,b,b,tem_jogo,sintetico
o,b,b,o,b,x,o,x,x,o_venceu,raw_uci
b,o,b,o,x,b,o,x,x,tem_jogo,sintetico
o,x,b,b,o,x,x,b,o,o_venceu,raw_uci
b,x,b,o,x,o,b,b,b,tem_jogo,sintetico
o,b,o,o,x,b,x,x,x,x_venceu,raw_uci
b,b,b,b,x,x,b,o,o,tem_jogo,sintetico
b,x,x,o,o,o,x,b,b,o_venceu,raw_uci
o,b,o,x,b,x,o,b,x,tem_jogo,sintetico
b,b,x,o,b,x,o,b,x,x_venceu,raw_uci
o,x,b,o,b,x,o,b,x,o_venceu,raw_uci
o,o,o,x,x,b,b,x,b,o_venceu,raw_uci
o,b,x,o,o,b,x,b,x,tem_jogo,sintetico
b,x,x,o,x,b,x,o,o,x_venceu,raw_uci
o,x,b,b,x,o,b,x,b,x_venceu,raw_uci
x,x,x,b,o,o,b,o,x,x_venceu,raw_uci
b,b,b,o,b,b,b,b,x,tem_jogo,sintetico
o,b,b,x,b,b,b,b,x,tem_jogo,sintetico
x,o,b,b,o,x,b,x,o,tem_jogo,sintetico
b,b,o,b,o,b,x,x,x,x_venceu,raw_uci
o,b,o,b,x,o,x,x,x,x_venceu,raw_uci
b,x,o,x,x,o,o,b,b,tem_jogo,sintetico
x,x,o,x,o,o,o,b,x,o_venceu,raw_uci
b,b,b,b,o,b,b,x,b,tem_jogo,sintetico
b,x,x,b,b,o,b,b,o,tem_jogo,sintetico
b,x,o,b,o,x,o,x,b,o_venceu,raw_uci
b,x,b,b,o,x,b,x,o,tem_jogo,sintetico
x,x,o,b,o,b,o,x,b,o_venceu,raw_uci
x,x,o,x,b,o,b,b,o,o_venceu,raw_uci
x,x,x,x,o,b,b,o,o,x_venceu,raw_uci
x,x,o,b,x,o,x,o,o,o_venceu,raw_uci
o,x,x,b,o,x,b,b,o,o_venceu,raw_uci
x,x,x,b,o,b,o,b,b,x_venceu,raw_uci
b,b,o,x,o,x,o,b,x,o_venceu,raw_uci
x,o,o,x,x,o,b,x,o,o_venceu,raw_uci
x,x,o,o,o,b,o,x,x,o_venceu,raw_uci
x,x,o,x,x,o,b,o,o,o_venceu,raw_uci
x,o,x,x,o,x,o,x,o,empate,raw_uci+simetria
x,o,b,x,o,b,x,x,o,x_venceu,raw_uci
x,b,b,b,b,b,b,o,b,tem_jogo,sintetico
b,o,x,o,o,x,b,x,x,x_venceu,raw_uci
b,b,o,x,x,x,b,o,b,x_venceu,raw_uci
b,b,b,o,b,b,o,x,x,tem_jogo,sintetico
o,o,x,o,x,o,x,x,x,x_venceu,raw_uci
x,b,o,b,x,o,b,x,o,o_venceu,raw_uci
o,x,x,o,b,x,o,x,o,o_venceu,raw_uci
o,x,b,o,b,b,o,x,x,o_venceu,raw_uci
o,x,b,x,o,x,o,x,o,o_venceu,raw_uci
x,x,o,o,b,x,b,o,x,tem_jogo,sintetico
o,b,o,o,b,x,x,x,b,tem_jogo,sintetico
b,b,o,x,b,b,b,b,x,tem_jogo,sintetico
b,b,b,o,b,b,b,x,x,tem_jogo,sintetico
o,b,x,x,o,b,b,x,o,o_venceu,raw_uci
x,b,b,o,o,o,b,x,x,o_venceu,raw_uci
b,o,x,b,b,b,b,b,x,tem_jogo,sintetico
o,o,o,o,x,x,x,b,x,o_venceu,raw_uci
o,b,b,o,o,x,x,x,x,x_venceu,raw_uci
o,b,x,x,x,o,x,b,o,x_venceu,raw_uci
o,x,b,x,o,b,x,o,x,tem_jogo,sintetico
o,o,x,o,x,x,o,x,b,o_venceu,raw_uci
x,o,x,x,b,o,x,o,b,x_venceu,raw_uci
b,b,o,x,b,b,b,b,b,tem_jogo,sintetico
o,b,x,x,x,x,b,o,o,x_venceu,raw_uci
b,x,b,o,o,o,x,b,x,o_venceu,raw_uci
b,b,b,b,b,x,b,b,b,tem_jogo,sintetico
x,b,o,x,b,o,x,o,x,x_venceu,raw_uci
o,x,x,x,x,o,o,o,x,empate,raw_uci+simetria
x,b,o,x,x,o,o,b,x,x_venceu,raw_uci
x,x,o,b,o,x,b,x,o,tem_jogo,sintetico
b,x,x,b,o,b,o,b,b,tem_jogo,sintetico
o,x,x,o,x,x,o,b,o,o_venceu,raw_uci
o,o,o,x,x,b,x,x,o,o_venceu,raw_uci
b,b,b,x,x,b,b,b,o,tem_jogo,sintetico
x,o,o,x,b,o,x,b,x,x_venceu,raw_uci
b,b,b,b,x,x,b,o,b,tem_jogo,sintetico
o,x,x,o,o,x,x,o,x,x_venceu,raw_uci
b,x,o,o,x,x,b,x,o,x_venceu,raw_uci
o,x,b,x,x,o,o,x,b,x_venceu,raw_uci
b,b,b,x,o,b,b,x,b,tem_jogo,sintetico
o,x,x,x,o,x,o,b,o,o_venceu,raw_uci
o,o,x,x,x,x,x,o,o,x_venceu,raw_uci
o,x,o,x,o,x,b,x,o,o_venceu,raw_uci
x,o,b,x,o,o,x,b,x,x_venceu,raw_uci
o,b,x,x,b,b,o,o,x,tem_jogo,sintetico
b,o,x,b,o,x,x,o,b,o_venceu,raw_uci
o,x,x,x,o,b,o,x,o,o_venceu,raw_uci
b,b,b,x,b,x,o,b,b,tem_jogo,sintetico
b,x,o,x,o,x,o,b,b,o_venceu,raw_uci
x,o,x,b,o,o,x,o,x,o_venceu,raw_uci
b,o,x,b,b,o,x,b,x,tem_jogo,sintetico
b,x,x,o,b,o,o,b,x,tem_jogo,sintetico
b,o,x,b,b,x,b,b,o,tem_jogo,sintetico
o,o,o,x,x,b,o,x,x,o_venceu,raw_uci
b,x,b,x,x,o,b,b,o,tem_jogo,sintetico
b,b,x,b,b,b,x,o,o,tem_jogo,sintetico
b,x,o,x,o,b,o,x,b,o_venceu,raw_uci
o,x,x,o,x,o,o,b,x,o_venceu,raw_uci
b,o,x,o,x,o,x,x,b,x_venceu,raw_uci
o,x,o,x,b,o,x,x,o,o_venceu,raw_uci
x,o,x,o,x,b,b,o,b,tem_jogo,sintetico
x,o,b,b,x,o,o,x,x,x_venceu,raw_uci
o,o,x,b,x,x,x,b,o,x_venceu,raw_uci
x,b,o,x,o,x,o,o,x,o_venceu,raw_uci
b,b,o,o,x,o,b,x,x,tem_jogo,sintetico
o,x,b,x,o,b,b,x,o,o_venceu,raw_uci
b,x,o,o,o,b,x,x,x,x_venceu,raw_uci
x,o,x,o,b,x,o,b,x,x_venceu,raw_uci
b,x,o,b,x,o,b,x,b,x_venceu,raw_uci
o,x,b,x,o,b,x,b,o,o_venceu,raw_uci
x,b,x,b,b,b,b,b,o,tem_jogo,sintetico
b,x,b,b,b,x,b,b,o,tem_jogo,sintetico
b,x,b,b,x,x,o,o,o,o_venceu,raw_uci
b,x,o,o,x,x,o,x,b,x_venceu,raw_uci
o,o,o,x,b,b,x,x,b,o_venceu,raw_uci
x,x,o,b,o,x,o,o,x,o_venceu,raw_uci
b,o,b,b,x,b,x,b,b,tem_jogo,sintetico
x,x,x,o,o,x,o,b,b,x_venceu,raw_uci
b,b,o,x,x,o,x,b,o,o_venceu,raw_uci
x,x,b,o,x,o,b,x,o,x_venceu,raw_uci
o,o,x,b,x,x,x,o,b,x_venceu,raw_uci
b,b,x,b,b,x,o,o,x,x_venceu,raw_uci
b,o,b,x,o,x,b,x,o,tem_jogo,sintetico
o,x,o,b,x,b,b,x,b,x_venceu,raw_uci
o,o,o,x,x,o,x,x,b,o_venceu,raw_uci
b,x,o,x,o,x,b,o,x,tem_jogo,sintetico
