id_tabuleiro_32,casa_0_num_32,casa_1_num_32,casa_2_num_32,casa_3_num_32,casa_4_num_32,casa_5_num_32,casa_6_num_32,casa_7_num_32,casa_8_num_32,classe_32
0,2,2,1,1,2,1,1,2,0,o_venceu
1,2,2,2,1,1,2,0,1,1,o_venceu
2,1,0,0,2,1,0,0,0,0,tem_jogo
3,2,1,1,1,1,0,2,2,2,o_venceu
4,0,0,0,1,0,0,0,0,0,tem_jogo
5,1,1,1,2,1,0,0,2,2,x_venceu
6,2,0,2,1,0,1,1,2,1,tem_jogo
7,0,1,2,1,2,0,2,0,1,o_venceu
8,2,2,2,0,1,1,0,1,0,o_venceu
9,0,2,1,1,2,0,1,2,0,o_venceu
10,1,1,1,2,1,2,0,0,2,x_venceu
11,1,1,1,0,1,2,2,0,2,x_venceu
12,2,2,1,1,1,2,0,0,0,tem_jogo
13,0,0,0,0,0,0,0,0,1,tem_jogo
14,0,1,0,2,2,1,0,1,2,tem_jogo
15,2,1,2,1,1,0,0,1,2,x_venceu
16,1,0,0,1,0,2,0,0,0,tem_jogo
17,0,0,0,1,0,1,0,2,2,tem_jogo
18,2,0,1,0,1,0,1,0,2,x_venceu
19,2,2,2,1,1,2,1,0,1,o_venceu
20,1,2,0,1,2,1,2,2,1,o_venceu
21,1,0,1,2,1,0,2,2,1,x_venceu
22,1,1,0,0,0,0,0,2,0,tem_jogo
23,1,1,2,0,1,2,0,0,2,o_venceu
24,2,1,1,1,1,2,2,1,2,x_venceu
25,0,2,1,2,0,2,1,1,1,x_venceu
26,1,2,1,1,1,2,1,2,2,x_venceu
27,0,2,1,1,2,1,1,2,2,o_venceu
28,0,2,1,1,2,2,1,2,1,o_venceu
29,1,1,0,2,1,1,2,2,2,o_venceu
30,2,1,2,1,2,0,1,1,2,o_venceu
31,0,0,0,1,0,0,2,0,0,tem_jogo
32,0,1,1,2,2,1,2,0,1,x_venceu
33,0,0,1,0,0,2,1,0,2,tem_jogo
34,0,0,1,2,1,0,1,2,0,x_venceu
35,2,1,2,1,2,1,1,0,2,o_venceu
36,1,2,2,1,2,0,2,1,1,o_venceu
37,0,2,2,2,0,1,1,0,1,tem_jogo
38,0,2,0,2,1,1,0,2,1,tem_jogo
39,2,2,1,0,2,1,1,1,2,o_venceu
40,1,2,2,1,2,1,2,0,1,o_venceu
41,1,0,0,1,2,0,1,2,0,x_venceu
42,0,1,1,2,0,2,1,2,1,tem_jogo
43,2,1,1,0,1,2,1,0,2,x_venceu
44,0,2,1,2,0,0,0,0,1,tem_jogo
45,0,0,0,2,0,0,1,1,0,tem_jogo
46,0,0,1,2,0,0,0,0,0,tem_jogo
47,0,0,1,0,0,0,2,0,0,tem_jogo
48,0,1,1,2,2,2,2,1,1,o_venceu
49,2,2,2,1,0,1,0,1,0,o_venceu
50,2,1,0,0,0,2,1,0,1,tem_jogo
51,0,1,1,0,1,2,2,1,2,x_venceu
52,1,2,0,0,0,1,0,2,0,tem_jogo
53,2,1,1,2,0,0,1,0,0,tem_jogo
54,0,2,0,0,0,0,1,1,0,tem_jogo
55,1,0,2,2,2,1,2,1,1,o_venceu
56,1,1,1,0,2,2,1,0,2,x_venceu
57,1,0,1,2,2,2,0,1,0,o_venceu
58,1,0,1,1,0,2,1,2,2,x_venceu
59,0,2,2,1,2,1,2,1,1,o_venceu
60,0,1,0,0,1,0,2,0,2,tem_jogo
61,1,1,2,2,2,2,0,1,1,o_venceu
62,0,0,0,0,2,0,1,2,1,tem_jogo
63,1,2,1,2,1,1,2,1,2,empate
64,2,1,1,2,2,1,0,1,2,o_venceu
65,1,1,1,1,0,2,2,2,0,x_venceu
66,1,2,0,2,1,1,2,0,1,x_venceu
67,0,0,0,0,2,2,1,1,1,x_venceu
68,1,1,0,1,0,0,2,2,2,o_venceu
69,0,2,0,1,1,1,2,2,1,x_venceu
70,1,1,2,1,0,2,1,2,0,x_venceu
71,2,1,0,1,1,0,0,0,2,tem_jogo
72,0,1,2,0,2,1,2,0,1,o_venceu
73,0,1,1,2,2,1,0,2,1,x_venceu
74,1,1,0,2,2,2,0,1,0,o_venceu
75,0,1,0,2,2,2,0,1,1,o_venceu
76,1,2,2,0,2,1,2,1,1,o_venceu
77,1,1,1,2,0,0,2,0,0,x_venceu
78,1,1,1,1,2,2,2,1,2,x_venceu
79,2,2,0,2,1,1,2,1,1,o_venceu
80,0,0,1,0,0,0,0,0,2,tem_jogo
81,0,2,1,0,0,2,0,1,1,tem_jogo
82,1,1,2,2,1,0,0,1,2,x_venceu
83,1,2,1,1,1,2,2,1,2,empate
84,1,2,0,0,2,0,1,2,1,o_venceu
85,2,1,2,2,1,1,0,1,0,x_venceu
86,1,2,2,0,2,1,1,2,1,o_venceu
87,1,1,0,0,0,2,0,0,0,tem_jogo
88,0,0,2,1,0,2,1,1,2,o_venceu
89,1,2,1,1,0,1,2,2,2,o_venceu
90,1,0,1,0,0,0,2,2,0,tem_jogo
91,0,2,1,1,1,0,2,2,1,tem_jogo
92,1,2,2,2,1,2,1,1,1,x_venceu
93,1,2,2,1,0,1,1,2,0,x_venceu
94,2,0,1,2,1,0,0,1,0,tem_jogo
95,1,1,1,0,0,2,2,2,1,x_venceu
96,0,2,0,0,2,1,1,2,1,o_venceu
97,2,0,0,0,0,1,0,0,0,tem_jogo
98,1,1,1,1,2,2,1,2,2,x_venceu
99,2,1,0,1,1,0,2,0,0,tem_jogo
100,2,1,1,1,2,1,0,2,2,o_venceu
101,2,0,0,1,2,1,0,0,1,tem_jogo
102,1,2,1,2,0,0,1,1,2,tem_jogo
103,2,1,0,0,0,1,0,2,0,tem_jogo
104,2,2,1,1,2,0,0,1,1,tem_jogo
105,0,0,1,0,0,0,2,0,1,tem_jogo
106,0,0,2,1,0,1,2,0,0,tem_jogo
107,2,2,1,1,2,1,1,0,2,o_venceu
108,2,0,0,0,1,0,0,0,0,tem_jogo
109,0,0,1,0,2,1,2,0,1,x_venceu
110,1,2,1,1,0,0,2,1,2,tem_jogo
111,1,0,1,0,2,1,2,2,1,x_venceu
112,2,2,2,0,1,0,1,1,0,o_venceu
113,0,1,1,2,2,2,0,1,0,o_venceu
114,0,0,0,0,0,1,2,0,0,tem_jogo
115,0,2,2,1,2,0,1,1,1,x_venceu
116,2,2,2,0,0,1,0,1,1,o_venceu
117,0,1,1,0,2,2,1,2,1,tem_jogo
118,0,1,2,1,1,1,2,0,2,x_venceu
119,2,1,2,2,1,1,2,0,1,o_venceu
120,1,2,2,0,1,1,2,0,1,x_venceu
121,1,1,0,1,2,1,2,2,2,o_venceu
122,1,2,1,1,1,0,2,2,2,o_venceu
123,0,1,0,1,2,0,0,0,0,tem_jogo
124,0,2,2,1,1,1,0,0,0,x_venceu
125,2,1,2,2,1,0,1,1,0,x_venceu
126,1,1,0,2,1,0,2,2,1,x_venceu
127,0,0,0,1,0,0,0,0,2,tem_jogo
128,2,1,2,1,1,2,1,2,1,empate
129,0,0,2,1,1,0,0,0,2,tem_jogo
130,1,0,0,0,2,2,0,1,1,tem_jogo
131,1,2,0,1,0,2,1,0,0,x_venceu
132,1,2,1,2,1,0,0,2,1,x_venceu
133,2,1,1,0,1,2,1,2,0,x_venceu
134,2,0,1,1,2,0,1,0,2,o_venceu
135,1,2,0,0,0,2,0,0,1,tem_jogo
136,2,0,1,0,0,1,1,2,2,tem_jogo
137,0,1,0,0,0,0,0,0,0,tem_jogo
138,0,1,0,0,1,0,2,1,2,x_venceu
139,0,2,0,2,1,1,2,1,0,tem_jogo
140,2,2,0,2,1,0,0,1,1,tem_jogo
141,0,0,0,1,0,2,0,1,0,tem_jogo
142,0,2,0,1,1,0,2,2,1,tem_jogo
143,1,0,0,0,1,2,0,1,2,tem_jogo
144,0,0,2,1,1,1,2,2,1,x_venceu
145,1,1,2,2,2,1,1,2,1,empate
146,1,0,2,2,0,0,1,0,1,tem_jogo
147,2,0,1,2,1,0,1,1,2,x_venceu
148,0,2,0,0,1,1,2,1,2,tem_jogo
149,1,0,2,1,2,1,2,1,2,o_venceu
150,2,1,1,2,1,2,1,0,0,x_venceu
151,1,0,2,1,1,2,2,1,2,o_venceu
152,1,1,2,1,1,0,2,2,2,o_venceu
153,2,1,1,0,1,1,2,2,2,o_venceu
154,0,1,2,0,1,2,0,2,1,tem_jogo
155,2,0,1,0,0,1,2,0,1,x_venceu
156,0,0,0,1,2,0,1,0,0,tem_jogo
157,1,2,0,0,2,1,1,2,0,o_venceu
158,0,0,0,2,1,0,0,1,0,tem_jogo
159,2,0,1,1,2,0,1,2,0,tem_jogo
160,0,1,2,1,0,2,1,0,2,o_venceu
161,2,0,0,1,0,0,0,0,0,tem_jogo
162,2,1,2,2,1,1,1,2,1,empate
163,0,1,2,0,2,0,0,0,1,tem_jogo
164,1,1,1,0,2,0,1,2,2,x_venceu
165,1,2,1,2,1,2,2,1,1,x_venceu
166,1,0,0,0,0,2,1,0,0,tem_jogo
167,2,2,0,1,1,1,2,1,0,x_venceu
168,2,0,1,1,2,1,2,0,0,tem_jogo
169,1,1,2,2,1,0,2,0,1,x_venceu
170,0,0,0,0,0,0,1,0,0,tem_jogo
171,2,1,1,1,2,2,2,1,1,empate
172,0,2,1,2,0,1,1,2,1,x_venceu
173,0,2,1,2,1,1,2,0,1,x_venceu
174,0,1,0,1,1,2,2,1,2,x_venceu
175,2,1,1,0,1,2,2,1,0,x_venceu
176,2,0,0,1,2,0,1,1,2,o_venceu
177,1,2,1,2,0,1,0,2,1,x_venceu
178,0,1,1,1,0,0,2,2,2,o_venceu
179,2,1,1,1,2,2,0,1,2,o_venceu
180,0,0,0,1,2,0,0,0,1,tem_jogo
181,2,2,2,1,0,1,1,1,2,o_venceu
182,2,1,0,2,0,1,2,1,0,o_venceu
183,0,0,1,1,0,1,2,2,2,o_venceu
184,2,0,0,2,1,0,2,1,1,o_venceu
185,0,2,0,1,2,1,1,2,0,o_venceu
186,2,2,1,1,0,1,2,0,1,x_venceu
187,2,1,1,2,0,0,2,0,1,o_venceu
188,1,2,2,1,2,1,2,1,0,o_venceu
189,2,0,2,2,1,1,2,1,1,o_venceu
190,0,0,0,1,2,2,2,1,1,tem_jogo
191,2,2,2,1,2,1,0,1,1,o_venceu
192,2,2,2,0,1,1,1,2,1,o_venceu
193,0,1,1,1,1,2,2,2,2,o_venceu
194,2,1,1,2,2,0,2,1,1,o_venceu
195,0,1,1,2,1,1,2,2,2,o_venceu
196,1,1,1,2,0,1,2,0,2,x_venceu
197,0,2,1,0,0,0,2,0,1,tem_jogo
198,2,1,0,0,0,0,1,0,2,tem_jogo
199,2,1,1,0,2,2,1,1,2,o_venceu
200,1,0,0,0,0,2,0,0,0,tem_jogo
201,1,0,1,2,0,2,2,0,1,tem_jogo
202,2,1,1,1,2,0,0,0,2,o_venceu
203,1,1,2,2,1,1,1,2,2,empate
204,1,2,2,1,1,0,2,0,1,x_venceu
205,2,0,0,0,0,2,1,1,1,x_venceu
206,1,0,2,0,2,0,2,1,1,o_venceu
207,0,2,1,2,1,1,0,2,1,x_venceu
208,1,2,1,2,2,1,1,2,0,o_venceu
209,0,2,1,2,1,1,1,2,0,x_venceu
210,1,1,2,1,2,2,0,1,2,o_venceu
211,2,1,1,1,2,2,1,2,1,empate
212,1,2,0,2,0,0,2,1,1,tem_jogo
213,1,1,2,2,2,1,2,1,0,o_venceu
214,2,1,2,1,2,1,2,0,1,o_venceu
215,1,2,2,2,1,1,2,1,1,x_venceu
216,0,2,0,0,1,0,0,0,1,tem_jogo
217,2,1,2,2,0,0,1,1,1,x_venceu
218,2,1,2,1,2,0,2,1,1,o_venceu
219,2,1,0,0,0,0,0,0,1,tem_jogo
220,2,1,0,1,1,1,2,2,0,x_venceu
221,0,2,0,0,0,1,1,2,0,tem_jogo
222,1,2,1,1,1,2,2,2,1,x_venceu
223,1,1,1,2,1,2,2,1,2,x_venceu
224,2,0,2,1,1,1,0,0,0,x_venceu
225,1,1,0,2,2,2,0,0,1,o_venceu
226,0,0,2,2,1,2,1,1,1,x_venceu
227,0,0,2,0,0,0,0,1,0,tem_jogo
228,0,1,2,0,2,0,2,1,1,o_venceu
229,2,0,1,0,1,2,1,0,0,x_venceu
230,2,0,1,2,0,2,1,1,1,x_venceu
231,2,2,1,2,0,1,1,0,0,tem_jogo
232,2,1,0,2,1,0,1,1,2,x_venceu
233,0,2,2,1,1,1,2,1,0,x_venceu
234,0,0,1,2,0,2,1,0,0,tem_jogo
235,1,1,0,1,2,2,1,0,2,x_venceu
236,0,0,1,2,0,0,0,1,0,tem_jogo
237,0,0,2,0,1,0,0,1,2,tem_jogo
238,1,0,1,0,0,1,2,2,0,tem_jogo
239,2,2,2,2,1,1,1,1,0,o_venceu
240,1,1,1,1,2,0,2,2,0,x_venceu
241,2,1,0,0,2,1,0,1,2,o_venceu
242,0,1,0,1,1,0,2,2,2,o_venceu
243,1,0,2,1,2,2,2,1,1,o_venceu
244,1,2,1,0,2,1,1,2,2,o_venceu
245,0,1,2,2,1,2,0,1,1,x_venceu
246,1,1,2,1,0,1,2,2,2,o_venceu
247,1,2,1,1,2,1,2,2,0,o_venceu
248,1,2,0,0,1,0,0,0,2,tem_jogo
249,2,0,2,1,2,1,1,1,2,o_venceu
250,2,1,1,1,1,2,1,2,2,x_venceu
251,0,2,1,0,1,0,1,2,0,x_venceu
252,0,2,2,0,0,0,0,1,1,tem_jogo
253,0,2,0,1,1,1,1,2,2,x_venceu
254,1,1,1,1,2,2,2,2,1,x_venceu
255,0,0,1,0,2,2,1,2,1,tem_jogo
256,1,2,2,1,0,0,0,1,2,tem_jogo
257,1,2,2,2,1,1,1,2,1,x_venceu
258,1,1,2,1,2,1,2,2,0,o_venceu
259,1,0,2,2,1,0,0,1,0,tem_jogo
260,1,0,1,0,2,0,2,0,0,tem_jogo
261,1,1,1,2,0,2,2,1,0,x_venceu
262,2,1,0,1,2,1,1,2,2,o_venceu
263,2,1,2,1,1,2,1,0,2,o_venceu
264,2,2,0,1,1,2,0,1,1,tem_jogo
265,0,2,1,2,2,0,1,1,1,x_venceu
266,2,2,1,1,1,2,2,1,1,empate
267,1,0,2,1,2,2,1,1,0,x_venceu
268,0,1,2,1,1,2,1,2,2,o_venceu
269,2,2,2,1,1,0,1,2,1,o_venceu
270,0,2,2,1,0,2,1,0,1,tem_jogo
271,1,0,1,0,1,2,2,2,1,x_venceu
272,0,1,2,0,1,2,1,0,2,o_venceu
273,0,0,2,1,2,0,2,1,1,o_venceu
274,2,0,1,1,2,2,1,1,2,o_venceu
275,0,2,0,1,1,1,0,0,2,x_venceu
276,2,0,1,0,1,1,2,2,1,x_venceu
277,1,2,0,0,2,1,0,2,1,o_venceu
278,0,1,0,0,0,0,2,0,0,tem_jogo
279,0,0,0,0,0,1,0,2,1,tem_jogo
280,0,1,0,2,1,2,0,1,0,x_venceu
281,2,2,0,0,2,1,1,1,1,x_venceu
282,0,1,2,0,1,2,2,1,1,x_venceu
283,1,2,1,2,1,2,1,1,2,x_venceu
284,1,0,2,0,2,1,2,0,1,o_venceu
285,1,1,1,0,2,2,2,1,0,x_venceu
286,0,1,1,1,2,0,2,1,2,tem_jogo
287,0,2,1,1,2,1,0,2,0,o_venceu
288,1,0,2,0,1,2,0,0,1,x_venceu
289,1,0,0,0,2,1,1,2,0,tem_jogo
290,1,0,0,2,0,1,0,0,0,tem_jogo
291,1,2,1,2,2,2,0,1,1,o_venceu
292,0,1,0,2,0,1,0,0,0,tem_jogo
293,1,1,1,2,2,0,2,1,0,x_venceu
294,2,1,1,2,0,1,2,0,0,o_venceu
295,2,2,2,1,0,1,1,2,1,o_venceu
296,1,2,1,0,1,1,2,2,2,o_venceu
297,2,1,0,0,1,0,2,0,0,tem_jogo
298,0,2,1,2,1,0,2,1,1,tem_jogo
299,1,1,1,2,0,2,0,0,0,x_venceu
300,2,1,1,2,1,0,2,2,1,o_venceu
301,1,0,2,2,2,0,1,1,1,x_venceu
302,0,2,0,1,0,0,2,0,1,tem_jogo
303,1,1,2,0,2,0,2,0,1,o_venceu
304,0,2,1,2,0,1,0,0,0,tem_jogo
305,0,1,0,1,0,2,0,0,0,tem_jogo
306,1,1,1,2,0,1,0,2,2,x_venceu
307,0,2,0,1,0,0,0,0,1,tem_jogo
308,0,0,0,0,0,0,0,1,0,tem_jogo
309,2,0,1,1,2,1,0,0,2,o_venceu
310,0,2,1,2,0,1,2,1,1,x_venceu
311,1,2,0,1,1,2,0,2,1,x_venceu
312,1,1,2,2,2,1,1,1,2,empate
313,2,0,1,2,2,0,1,1,1,x_venceu
314,1,1,0,0,2,0,0,2,0,tem_jogo
315,1,1,2,0,2,1,2,0,0,o_venceu
316,2,2,1,1,2,0,1,2,1,o_venceu
317,0,2,2,1,1,1,2,0,1,x_venceu
318,2,0,1,0,2,1,1,0,2,o_venceu
319,2,1,1,0,2,1,1,2,2,o_venceu
320,1,0,2,0,2,1,2,1,0,o_venceu
321,1,2,1,2,2,1,1,0,0,tem_jogo
322,0,2,1,0,2,0,1,2,1,o_venceu
323,0,0,2,1,2,1,1,0,0,tem_jogo
324,1,0,2,0,0,2,1,1,2,o_venceu
325,0,1,2,0,0,2,1,1,2,o_venceu
326,0,0,0,0,0,0,0,0,0,tem_jogo
327,1,0,0,0,1,0,2,2,1,x_venceu
328,1,0,1,0,1,2,0,2,2,tem_jogo
329,1,1,2,1,2,2,2,1,0,o_venceu
330,0,0,1,2,0,0,1,0,0,tem_jogo
331,1,2,2,1,2,0,1,0,1,x_venceu
332,1,1,1,2,2,0,1,0,2,x_venceu
333,0,2,1,0,0,1,2,0,1,x_venceu
334,0,0,1,2,2,2,1,1,0,o_venceu
335,2,0,1,0,2,1,1,2,1,x_venceu
336,1,0,0,2,0,0,1,0,0,tem_jogo
337,2,1,0,1,2,2,1,1,2,o_venceu
338,1,1,2,0,0,2,0,1,2,o_venceu
339,1,1,2,1,2,1,1,2,2,x_venceu
340,1,1,1,2,0,2,1,0,2,x_venceu
341,1,0,0,1,0,1,2,2,2,o_venceu
342,2,2,2,1,0,1,1,0,0,o_venceu
343,0,0,2,0,1,0,0,0,0,tem_jogo
344,1,2,2,0,2,1,1,1,0,tem_jogo
345,0,1,2,0,1,1,2,0,2,tem_jogo
346,2,1,0,2,2,1,2,1,1,o_venceu
347,2,0,1,2,1,1,2,0,0,o_venceu
348,1,2,1,2,2,2,1,0,1,o_venceu
349,1,1,1,2,0,2,1,2,0,x_venceu
350,2,2,0,1,1,1,1,2,0,x_venceu
351,1,1,2,1,2,2,1,2,1,x_venceu
352,1,0,2,2,1,2,1,1,2,o_venceu
353,2,0,0,2,1,2,1,1,1,x_venceu
354,0,0,2,1,1,1,0,0,2,x_venceu
355,0,0,0,2,0,0,0,1,0,tem_jogo
356,0,0,0,1,1,2,0,2,0,tem_jogo
357,0,0,1,0,0,0,2,1,0,tem_jogo
358,1,1,1,2,2,0,0,0,0,x_venceu
359,0,0,0,2,0,1,2,1,1,tem_jogo
360,2,0,1,2,0,1,2,1,0,o_venceu
361,1,0,1,2,2,1,0,2,1,x_venceu
362,0,0,2,0,0,2,1,1,1,x_venceu
363,1,2,2,1,1,1,0,2,0,x_venceu
364,2,0,0,2,1,1,2,0,1,o_venceu
365,0,0,0,2,2,0,0,1,1,tem_jogo
366,2,1,2,0,2,1,2,1,1,o_venceu
367,1,0,2,1,2,0,2,0,1,o_venceu
368,2,1,0,1,2,1,0,0,0,tem_jogo
369,1,0,1,0,1,0,2,2,2,o_venceu
370,1,0,2,1,0,0,1,2,0,x_venceu
371,1,2,1,1,2,0,2,2,1,o_venceu
372,0,1,1,2,2,2,0,0,1,o_venceu
373,0,0,1,0,0,0,0,0,0,tem_jogo
374,1,1,2,1,2,0,2,0,0,o_venceu
375,2,1,1,0,0,1,2,2,1,x_venceu
376,1,0,1,0,0,0,0,2,2,tem_jogo
377,0,0,2,0,0,0,1,0,0,tem_jogo
378,2,1,1,2,2,0,1,1,2,o_venceu
379,2,2,1,1,0,1,1,2,0,tem_jogo
380,1,1,0,0,1,0,2,2,2,o_venceu
381,1,0,1,0,0,2,2,0,0,tem_jogo
382,1,0,2,1,2,0,1,0,0,x_venceu
383,0,1,2,2,1,2,1,1,0,x_venceu
384,0,0,0,0,0,2,1,0,0,tem_jogo
385,0,0,1,2,2,2,1,0,1,o_venceu
386,2,1,2,1,1,0,2,1,0,x_venceu
387,0,0,1,0,2,1,0,2,1,x_venceu
388,2,1,0,0,1,2,1,1,2,x_venceu
389,2,1,2,2,0,1,2,1,1,o_venceu
390,2,1,0,1,1,1,0,2,2,x_venceu
391,2,1,2,1,2,1,1,2,1,empate
392,2,0,0,2,0,0,1,1,1,x_venceu
393,0,2,1,1,2,0,0,2,1,o_venceu
394,1,2,1,0,2,0,0,2,1,o_venceu
395,1,1,2,2,1,0,2,1,0,x_venceu
396,0,0,0,0,1,0,1,2,2,tem_jogo
397,0,1,2,1,1,0,2,1,2,x_venceu
398,1,0,0,0,0,0,0,0,0,tem_jogo
399,1,0,2,1,2,0,2,1,0,o_venceu
400,1,0,1,2,1,2,0,2,1,x_venceu
401,0,2,1,2,1,1,1,0,2,x_venceu
402,1,0,1,2,2,2,0,0,1,o_venceu
403,1,2,1,1,2,2,2,1,1,empate
404,1,2,2,1,0,0,1,1,2,x_venceu
405,2,0,0,2,2,1,1,1,0,tem_jogo
406,1,2,2,0,1,0,0,0,1,x_venceu
407,2,0,1,2,1,1,0,2,1,x_venceu
408,0,1,2,2,0,2,1,1,1,x_venceu
409,1,2,1,1,2,1,0,0,2,tem_jogo
410,0,2,2,1,1,0,2,0,1,tem_jogo
411,0,1,0,0,1,0,0,2,0,tem_jogo
412,2,2,1,1,1,2,1,2,1,x_venceu
413,0,2,0,2,0,1,1,0,1,tem_jogo
414,1,2,2,1,1,0,1,0,2,x_venceu
415,0,0,0,0,2,1,1,0,0,tem_jogo
416,1,1,0,0,1,2,2,2,1,x_venceu
417,1,1,0,0,0,1,2,2,2,o_venceu
418,1,1,0,1,2,2,0,1,2,tem_jogo
419,1,2,1,1,2,1,2,0,0,tem_jogo
420,1,2,1,2,2,1,1,1,2,empate
421,0,0,0,2,0,1,0,1,0,tem_jogo
422,2,2,2,1,2,1,1,1,0,o_venceu
423,0,1,0,1,0,1,2,2,2,o_venceu
424,2,2,0,0,1,2,1,1,0,tem_jogo
425,2,0,0,0,0,2,1,1,0,tem_jogo
426,0,1,2,1,2,2,2,1,1,o_venceu
427,1,1,2,2,2,2,1,0,1,o_venceu
428,0,2,1,1,0,1,2,2,1,x_venceu
429,2,1,0,1,2,0,1,0,0,tem_jogo
430,2,1,1,2,0,0,2,1,0,o_venceu
431,1,2,0,1,2,1,0,2,0,o_venceu
432,1,1,2,0,2,2,2,1,1,o_venceu
433,2,0,1,2,1,1,2,1,2,o_venceu
434,2,1,2,0,1,1,0,1,2,x_venceu
435,0,1,0,2,1,0,2,1,0,x_venceu
436,0,0,0,2,1,0,1,0,2,tem_jogo
437,2,1,0,1,0,2,1,0,2,tem_jogo
438,2,2,2,1,0,1,0,0,1,o_venceu
439,1,2,0,1,0,0,1,0,2,x_venceu
440,1,0,2,1,2,1,1,2,0,x_venceu
441,1,1,0,1,2,2,1,2,0,x_venceu
442,1,2,2,1,1,1,0,0,2,x_venceu
443,1,1,2,1,0,0,1,2,2,x_venceu
444,0,0,1,1,2,1,0,2,0,tem_jogo
445,1,2,1,2,1,0,1,0,2,x_venceu
446,2,1,2,1,1,1,0,0,2,x_venceu
447,1,1,2,1,2,0,1,0,2,x_venceu
448,1,2,0,0,0,1,2,1,2,tem_jogo
449,2,1,0,0,2,0,1,1,2,o_venceu
450,2,2,1,0,1,0,1,2,1,x_venceu
451,2,2,1,0,1,0,0,1,0,tem_jogo
452,2,1,1,0,0,0,0,0,0,tem_jogo
453,1,1,1,0,1,2,2,2,0,x_venceu
454,2,0,0,1,0,0,0,1,0,tem_jogo
455,0,0,2,1,0,0,0,2,1,tem_jogo
456,1,2,2,1,0,1,1,0,2,x_venceu
457,2,2,2,1,0,1,2,1,1,o_venceu
458,1,2,0,1,1,1,2,2,0,x_venceu
459,1,1,1,2,0,2,0,2,1,x_venceu
460,1,0,1,2,2,2,1,0,0,o_venceu
461,2,1,1,1,2,1,2,2,1,x_venceu
462,1,0,0,2,0,0,0,1,0,tem_jogo
463,1,2,2,2,1,1,1,1,2,empate
464,2,1,1,2,1,2,1,1,2,x_venceu
465,1,2,1,1,2,0,1,0,2,x_venceu
466,1,1,0,2,2,2,1,1,2,o_venceu
467,0,1,2,1,1,2,0,0,2,o_venceu
468,0,2,0,1,2,2,1,1,1,x_venceu
469,0,0,0,0,1,0,0,0,0,tem_jogo
470,2,1,2,0,1,2,1,1,0,x_venceu
471,0,0,0,1,0,0,2,2,1,tem_jogo
472,0,2,1,0,2,1,1,0,0,tem_jogo
473,1,1,0,2,2,2,2,1,1,o_venceu
474,1,0,1,2,1,0,1,2,2,x_venceu
475,1,2,0,0,0,0,0,1,0,tem_jogo
476,1,0,0,2,1,1,0,2,2,tem_jogo
477,0,0,2,0,1,2,1,1,2,o_venceu
478,0,2,0,1,0,0,1,0,0,tem_jogo
479,2,1,2,0,0,0,1,0,1,tem_jogo
480,1,0,0,2,0,0,0,0,1,tem_jogo
481,2,2,1,1,1,1,0,2,0,x_venceu
482,1,2,1,0,1,0,2,2,1,x_venceu
483,1,1,1,2,0,0,0,0,2,x_venceu
484,1,1,2,1,2,1,2,0,2,o_venceu
485,2,1,1,0,2,0,0,1,2,o_venceu
486,0,1,0,1,2,0,1,0,2,tem_jogo
487,1,1,2,0,1,2,2,0,1,x_venceu
488,0,0,2,1,2,1,2,1,0,o_venceu
489,0,1,1,0,2,2,0,0,0,tem_jogo
490,0,1,0,2,1,0,0,1,2,x_venceu
491,0,2,0,1,0,0,0,0,0,tem_jogo
492,2,0,0,2,0,1,2,1,1,o_venceu
493,0,2,0,2,1,0,2,1,1,tem_jogo
494,2,1,0,0,2,1,1,0,2,o_venceu
495,0,1,0,2,1,2,0,0,0,tem_jogo
496,2,0,2,2,1,0,1,1,1,x_venceu
497,0,0,0,0,1,1,0,2,2,tem_jogo
498,0,1,1,2,2,2,1,0,0,o_venceu
499,2,0,2,1,0,1,2,0,1,tem_jogo
500,0,0,1,2,0,1,2,0,1,x_venceu
501,2,1,0,2,0,1,2,0,1,o_venceu
502,2,2,2,1,1,0,0,1,0,o_venceu
503,2,0,1,2,2,0,1,0,1,tem_jogo
504,0,1,1,2,1,0,1,2,2,x_venceu
505,2,1,0,0,1,2,0,1,0,x_venceu
506,1,1,1,0,2,2,0,2,1,x_venceu
507,0,0,0,2,0,0,0,0,1,tem_jogo
508,2,0,0,1,0,0,0,0,1,tem_jogo
509,1,2,0,0,2,1,0,1,2,tem_jogo
510,0,0,2,0,2,0,1,1,1,x_venceu
511,2,0,2,0,1,2,1,1,1,x_venceu
512,0,1,2,1,1,2,2,0,0,tem_jogo
513,1,1,2,1,2,2,2,0,1,o_venceu
514,0,0,0,0,2,0,0,1,0,tem_jogo
515,0,1,1,0,0,2,0,0,2,tem_jogo
516,0,1,2,0,2,1,2,1,0,o_venceu
517,0,1,0,0,2,1,0,1,2,tem_jogo
518,1,1,2,0,2,0,2,1,0,o_venceu
519,1,1,2,1,0,2,0,0,2,o_venceu
520,1,1,1,1,2,0,0,2,2,x_venceu
521,1,1,2,0,1,2,1,2,2,o_venceu
522,2,1,1,0,2,1,0,0,2,o_venceu
523,1,1,1,0,2,0,2,0,0,x_venceu
524,0,0,2,1,2,1,2,0,1,o_venceu
525,1,2,2,1,1,2,0,1,2,o_venceu
526,1,1,2,2,2,0,2,1,1,o_venceu
527,1,1,2,1,1,2,0,2,2,o_venceu
528,1,2,1,1,2,1,2,1,2,empate
529,1,2,0,1,2,0,1,1,2,x_venceu
530,1,0,0,0,0,0,0,2,0,tem_jogo
531,0,2,1,2,2,1,0,1,1,x_venceu
532,0,0,2,1,1,1,0,2,0,x_venceu
533,0,0,0,2,0,0,2,1,1,tem_jogo
534,2,2,1,2,1,2,1,1,1,x_venceu
535,1,0,2,0,1,2,0,1,2,o_venceu
536,2,1,1,2,0,1,2,1,2,o_venceu
537,2,1,0,2,0,0,2,1,1,o_venceu
538,2,1,0,1,2,1,2,1,2,o_venceu
539,1,1,2,2,0,1,0,2,1,tem_jogo
540,2,0,2,2,0,1,1,1,0,tem_jogo
541,0,0,2,1,0,0,0,0,1,tem_jogo
542,0,0,0,2,0,0,0,1,1,tem_jogo
543,2,0,1,1,2,0,0,1,2,o_venceu
544,1,0,0,2,2,2,0,1,1,o_venceu
545,0,2,1,0,0,0,0,0,1,tem_jogo
546,2,2,2,2,1,1,1,0,1,o_venceu
547,2,0,0,2,2,1,1,1,1,x_venceu
548,2,0,1,1,1,2,1,0,2,x_venceu
549,2,1,0,1,2,0,1,2,1,tem_jogo
550,2,2,1,2,1,1,2,1,0,o_venceu
551,1,2,1,1,0,2,1,2,0,x_venceu
552,0,0,2,1,0,0,0,0,0,tem_jogo
553,2,0,1,1,1,1,0,2,2,x_venceu
554,0,1,0,2,2,2,1,0,1,o_venceu
555,0,0,0,0,0,1,0,0,0,tem_jogo
556,1,0,2,1,0,2,1,2,1,x_venceu
557,2,1,1,1,1,2,2,2,1,empate
558,1,0,2,1,1,2,2,0,1,x_venceu
559,1,1,2,0,2,1,0,1,2,tem_jogo
560,0,1,1,0,2,0,2,0,0,tem_jogo
561,2,1,1,2,1,1,2,0,2,o_venceu
562,2,2,2,1,1,0,1,1,2,o_venceu
563,0,0,0,1,1,0,0,0,2,tem_jogo
564,1,2,2,1,0,2,1,0,1,x_venceu
565,0,0,0,0,1,1,0,2,0,tem_jogo
566,2,1,1,2,2,1,1,2,1,x_venceu
567,0,1,2,2,1,1,0,1,2,x_venceu
568,2,1,0,1,1,2,2,1,0,x_venceu
569,0,0,0,1,2,0,0,1,0,tem_jogo
570,2,1,1,1,2,1,2,0,2,o_venceu
571,2,2,1,1,1,1,1,2,2,x_venceu
572,2,1,2,1,2,1,0,1,2,o_venceu
573,1,2,0,1,2,2,1,0,1,x_venceu
574,2,0,1,1,0,0,2,2,1,tem_jogo
575,0,2,1,0,2,1,1,2,0,o_venceu
576,2,1,1,1,2,0,2,1,2,o_venceu
577,0,0,0,1,0,1,2,0,0,tem_jogo
578,0,1,2,1,2,1,2,0,0,o_venceu
579,1,2,1,0,2,2,1,2,1,o_venceu
580,0,2,1,0,0,2,1,0,1,tem_jogo
581,0,1,1,2,0,2,2,0,1,tem_jogo
582,0,2,1,0,0,1,0,0,2,tem_jogo
583,2,2,2,1,1,0,2,1,1,o_venceu
584,0,1,0,1,1,2,0,0,2,tem_jogo
585,0,0,1,0,0,0,1,2,2,tem_jogo
586,0,1,2,1,2,0,2,1,0,o_venceu
587,2,1,1,2,1,2,2,0,1,o_venceu
588,0,2,1,2,1,2,1,1,0,x_venceu
589,2,1,2,1,0,2,1,1,2,o_venceu
590,1,2,1,2,1,0,0,2,0,tem_jogo
591,1,2,0,0,1,2,2,1,1,x_venceu
592,2,2,1,0,1,1,1,0,2,x_venceu
593,1,0,2,1,2,1,2,2,1,o_venceu
594,0,0,2,2,1,2,0,1,1,tem_jogo
595,2,1,0,1,2,0,0,1,2,o_venceu
596,0,1,2,2,2,0,1,1,1,x_venceu
597,1,2,1,2,0,1,2,0,1,x_venceu
598,0,1,2,0,1,2,0,1,0,x_venceu
599,2,1,0,1,2,0,1,0,2,o_venceu
600,1,0,1,0,0,0,0,0,2,tem_jogo
601,0,1,0,0,0,1,0,0,2,tem_jogo
602,0,1,0,0,1,1,2,2,2,o_venceu
603,0,1,2,2,1,1,2,1,0,x_venceu
604,2,2,2,1,0,0,1,1,0,o_venceu
605,1,1,2,0,2,1,2,2,1,o_venceu
606,0,2,0,0,1,0,1,0,0,tem_jogo
607,1,1,1,2,2,1,2,0,0,x_venceu
608,0,0,2,1,1,2,1,0,2,o_venceu
609,1,1,0,2,1,2,0,1,2,x_venceu
610,2,2,1,0,1,1,1,2,0,x_venceu
611,0,0,1,0,0,1,2,2,1,x_venceu
612,0,2,0,1,2,1,0,1,2,tem_jogo
613,2,1,2,0,1,0,0,1,0,x_venceu
614,2,2,2,1,1,2,1,1,0,o_venceu
615,0,1,2,1,2,1,0,2,1,tem_jogo
