id_tabuleiro_32,conjunto_32
0,treino
1,treino
2,validacao
3,treino
4,treino
5,treino
6,treino
7,validacao
8,treino
9,treino
10,treino
11,treino
12,treino
13,teste
14,teste
15,treino
16,validacao
17,treino
18,validacao
19,treino
20,treino
21,treino
22,validacao
23,treino
24,treino
25,treino
26,treino
27,treino
28,treino
29,teste
30,validacao
31,treino
32,teste
33,treino
34,teste
35,treino
36,treino
37,teste
38,treino
39,validacao
40,validacao
41,validacao
42,validacao
43,teste
44,treino
45,teste
46,treino
47,treino
48,treino
49,validacao
50,treino
51,teste
52,treino
53,treino
54,teste
55,validacao
56,validacao
57,treino
58,treino
59,treino
60,teste
61,treino
62,treino
63,treino
64,treino
65,treino
66,treino
67,treino
68,teste
69,treino
70,teste
71,treino
72,treino
73,treino
74,treino
75,validacao
76,treino
77,treino
78,treino
79,treino
80,teste
81,treino
82,validacao
83,treino
84,treino
85,treino
86,validacao
87,treino
88,treino
89,treino
90,treino
91,treino
92,validacao
93,validacao
94,teste
95,validacao
96,treino
97,treino
98,treino
99,teste
100,teste
101,treino
102,treino
103,treino
104,treino
105,treino
106,treino
107,validacao
108,treino
109,treino
110,treino
111,treino
112,treino
113,treino
114,treino
115,validacao
116,validacao
117,validacao
118,teste
119,treino
120,treino
121,treino
122,teste
123,treino
124,teste
125,treino
126,treino
127,validacao
128,treino
129,treino
130,validacao
131,teste
132,treino
133,treino
134,teste
135,treino
136,treino
137,teste
138,treino
139,treino
140,treino
141,treino
142,validacao
143,treino
144,teste
145,validacao
146,treino
147,treino
148,validacao
149,treino
150,treino
151,treino
152,validacao
153,validacao
154,treino
155,treino
156,treino
157,treino
158,treino
159,validacao
160,validacao
161,treino
162,treino
163,validacao
164,treino
165,treino
166,treino
167,treino
168,treino
169,teste
170,validacao
171,treino
172,treino
173,validacao
174,teste
175,validacao
176,teste
177,teste
178,treino
179,teste
180,validacao
181,validacao
182,treino
183,validacao
184,treino
185,treino
186,validacao
187,treino
188,treino
189,treino
190,treino
191,teste
192,teste
193,treino
194,teste
195,treino
196,treino
197,treino
198,treino
199,treino
200,treino
201,treino
202,validacao
203,validacao
204,treino
205,treino
206,teste
207,validacao
208,validacao
209,treino
210,validacao
211,treino
212,validacao
213,treino
214,treino
215,treino
216,teste
217,teste
218,treino
219,treino
220,treino
221,teste
222,validacao
223,treino
224,teste
225,teste
226,teste
227,validacao
228,validacao
229,treino
230,treino
231,treino
232,teste
233,treino
234,treino
235,treino
236,treino
237,validacao
238,teste
239,treino
240,treino
241,teste
242,treino
243,validacao
244,treino
245,treino
246,teste
247,teste
248,validacao
249,validacao
250,treino
251,validacao
252,treino
253,treino
254,validacao
255,teste
256,teste
257,treino
258,teste
259,treino
260,teste
261,teste
262,treino
263,treino
264,treino
265,validacao
266,teste
267,validacao
268,treino
269,treino
270,treino
271,treino
272,treino
273,teste
274,treino
275,treino
276,teste
277,treino
278,treino
279,teste
280,teste
281,treino
282,treino
283,treino
284,validacao
285,treino
286,treino
287,teste
288,validacao
289,treino
290,treino
291,treino
292,validacao
293,treino
294,treino
295,treino
296,teste
297,treino
298,treino
299,treino
300,treino
301,treino
302,treino
303,teste
304,treino
305,treino
306,treino
307,treino
308,treino
309,treino
310,treino
311,treino
312,validacao
313,teste
314,treino
315,treino
316,treino
317,treino
318,treino
319,teste
320,treino
321,treino
322,treino
323,treino
324,treino
325,treino
326,teste
327,validacao
328,treino
329,teste
330,treino
331,teste
332,validacao
333,treino
334,teste
335,treino
336,treino
337,validacao
338,treino
339,validacao
340,validacao
341,validacao
342,treino
343,treino
344,treino
345,teste
346,treino
347,validacao
348,treino
349,treino
350,validacao
351,validacao
352,treino
353,treino
354,teste
355,treino
356,teste
357,treino
358,validacao
359,teste
360,teste
361,treino
362,treino
363,teste
364,validacao
365,treino
366,treino
367,treino
368,validacao
369,validacao
370,validacao
371,treino
372,treino
373,validacao
374,treino
375,treino
376,treino
377,validacao
378,treino
379,validacao
380,validacao
381,teste
382,validacao
383,treino
384,validacao
385,treino
386,treino
387,validacao
388,teste
389,treino
390,teste
391,treino
392,treino
393,treino
394,treino
395,treino
396,treino
397,treino
398,treino
399,teste
400,validacao
401,treino
402,treino
403,treino
404,treino
405,treino
406,teste
407,treino
408,validacao
409,teste
410,treino
411,teste
412,treino
413,teste
414,teste
415,treino
416,treino
417,treino
418,validacao
419,treino
420,teste
421,teste
422,treino
423,teste
424,validacao
425,treino
426,teste
427,treino
428,treino
429,validacao
430,treino
431,treino
432,treino
433,treino
434,teste
435,treino
436,teste
437,treino
438,treino
439,treino
440,treino
441,treino
442,treino
443,teste
444,teste
445,treino
446,treino
447,teste
448,treino
449,treino
450,validacao
451,treino
452,treino
453,teste
454,treino
455,treino
456,treino
457,treino
458,treino
459,treino
460,treino
461,treino
462,validacao
463,treino
464,treino
465,treino
466,validacao
467,treino
468,treino
469,treino
470,treino
471,validacao
472,teste
473,validacao
474,treino
475,treino
476,teste
477,teste
478,teste
479,teste
480,teste
481,treino
482,treino
483,treino
484,validacao
485,treino
486,treino
487,treino
488,treino
489,validacao
490,teste
491,teste
492,treino
493,treino
494,teste
495,teste
496,treino
497,teste
498,teste
499,treino
500,teste
501,treino
502,treino
503,validacao
504,validacao
505,treino
506,treino
507,treino
508,treino
509,validacao
510,teste
511,treino
512,validacao
513,treino
514,validacao
515,teste
516,validacao
517,validacao
518,teste
519,validacao
520,teste
521,teste
522,teste
523,validacao
524,validacao
525,treino
526,validacao
527,treino
528,teste
529,treino
530,validacao
531,treino
532,treino
533,treino
534,treino
535,treino
536,validacao
537,treino
538,teste
539,treino
540,teste
541,validacao
542,treino
543,treino
544,treino
545,treino
546,treino
547,validacao
548,teste
549,treino
550,teste
551,teste
552,teste
553,validacao
554,treino
555,treino
556,teste
557,treino
558,treino
559,validacao
560,treino
561,teste
562,treino
563,treino
564,validacao
565,treino
566,treino
567,treino
568,treino
569,treino
570,treino
571,validacao
572,treino
573,teste
574,validacao
575,treino
576,teste
577,validacao
578,teste
579,teste
580,teste
581,treino
582,validacao
583,treino
584,treino
585,treino
586,treino
587,validacao
588,treino
589,validacao
590,treino
591,validacao
592,treino
593,treino
594,treino
595,teste
596,validacao
597,teste
598,treino
599,treino
600,treino
601,teste
602,validacao
603,treino
604,treino
605,treino
606,treino
607,validacao
608,treino
609,treino
610,treino
611,treino
612,treino
613,treino
614,validacao
615,treino
